after_task,task1572_samsum_summary,task363_sst2_polarity_classification,task1290_xsum_summarization,task181_outcome_extraction,task002_quoref_answer_generation,task1510_evalution_relation_extraction,task639_multi_woz_user_utterance_generation,task1729_personachat_generate_next,task073_commonsenseqa_answer_generation,task1590_diplomacy_text_generation,task748_glucose_reverse_cause_event_detection,task511_reddit_tifu_long_text_summarization,task591_sciq_answer_generation,task1687_sentiment140_classification,task875_emotion_classification
task1572_samsum_summary,45.36131903103026,,,,,,,,,,,,,,
task363_sst2_polarity_classification,48.45418065184129,90.0,,,,,,,,,,,,,
task1290_xsum_summarization,22.25010681350012,78.0,29.54549472020583,,,,,,,,,,,,
task181_outcome_extraction,26.75564525507813,88.0,28.24818957157782,65.25774726416745,,,,,,,,,,,
task002_quoref_answer_generation,26.368892450152185,87.0,27.94608276178541,62.95985136162038,77.89047619047618,,,,,,,,,,
task1510_evalution_relation_extraction,34.36562907997685,86.0,28.183033056420644,60.643498463872135,82.25714285714284,99.33333333333334,,,,,,,,,
task639_multi_woz_user_utterance_generation,36.26500760448261,86.0,28.268958782225756,61.863296617574825,78.23809523809524,98.75,12.622420745463568,,,,,,,,
task1729_personachat_generate_next,29.66528358318403,77.0,28.078761379698644,63.24717114098422,78.07857142857142,98.82142857142857,15.570162540982336,17.737082841306524,,,,,,,
task073_commonsenseqa_answer_generation,34.83303529290539,88.0,26.438763012413027,50.97257507654225,79.75714285714285,94.66666666666666,10.147345047514094,17.61788969118813,76.0,,,,,,
task1590_diplomacy_text_generation,32.325393619088274,90.0,27.162357106541645,57.64740427531125,79.20476190476191,97.23809523809524,10.997425045495886,14.855871560686808,78.0,13.911465364458897,,,,,
task748_glucose_reverse_cause_event_detection,30.435889847840503,90.0,26.31725364461753,61.52754222521665,74.89047619047618,94.25000000000001,12.001586890989,14.216002331077036,72.0,13.328193531758123,66.53508618993581,,,,
task511_reddit_tifu_long_text_summarization,24.952743177178125,88.0,26.650349639767185,64.39982498122035,72.89234274497433,94.11313131313132,7.382761695895569,16.981875385566497,79.0,12.664100710392681,58.61805272487438,19.866031100131767,,,
task591_sciq_answer_generation,23.3374379330323,87.0,22.211514075820652,66.41187250122378,66.22661782661781,75.51721611721612,6.473695706052647,14.90473146444946,76.0,14.094044325744862,42.95222376532697,18.066019736273777,61.63333333333333,,
task1687_sentiment140_classification,17.12428364079076,83.0,21.80111391918216,65.03147692101182,68.60280830280828,78.54444444444447,4.770283975659229,12.848558297567584,69.0,16.20613840147088,43.91361423960338,17.57714464815465,60.457142857142856,85.0,
task875_emotion_classification,17.08836011194833,83.0,21.56246073128991,54.75718080369243,65.85252525252525,65.89386724386722,5.644214827872998,15.058634774422522,63.0,13.96234772978959,49.70196847807666,16.3565017408498,63.588888888888874,82.0,71.0
